code_region,region,rang_vaccinal,date_debut_semaine,nb
84,ARA,1,2021-01-18,5569
84,ARA,2,2021-01-18,1
84,ARA,1,2021-01-25,5584
84,ARA,2,2021-01-25,546
84,ARA,1,2021-02-01,2935
84,ARA,2,2021-02-01,2079
84,ARA,1,2021-02-08,3158
84,ARA,2,2021-02-08,2453
84,ARA,1,2021-02-15,1667
84,ARA,2,2021-02-15,4814
84,ARA,1,2021-02-22,1446
84,ARA,2,2021-02-22,5386
84,ARA,1,2021-03-01,4498
84,ARA,2,2021-03-01,2539
84,ARA,1,2021-03-08,5455
84,ARA,2,2021-03-08,1779
84,ARA,1,2021-03-15,62902
84,ARA,2,2021-03-15,9427
84,ARA,1,2021-03-22,108913
84,ARA,2,2021-03-22,20721
84,ARA,1,2021-03-29,105995
84,ARA,2,2021-03-29,48124
84,ARA,1,2021-04-05,120730
84,ARA,2,2021-04-05,56536
84,ARA,1,2021-04-12,134401
84,ARA,2,2021-04-12,88876
84,ARA,1,2021-04-19,134972
84,ARA,2,2021-04-19,102102
84,ARA,1,2021-04-26,152160
84,ARA,2,2021-04-26,101954
84,ARA,1,2021-05-03,203085
84,ARA,2,2021-05-03,124942
84,ARA,1,2021-05-10,293348
84,ARA,2,2021-05-10,100472
84,ARA,1,2021-05-17,318112
84,ARA,2,2021-05-17,74398
84,ARA,1,2021-05-24,274703
84,ARA,2,2021-05-24,85766
84,ARA,1,2021-05-31,258663
84,ARA,2,2021-05-31,104558
84,ARA,1,2021-06-07,205122
84,ARA,2,2021-06-07,132323
84,ARA,1,2021-06-14,155784
84,ARA,2,2021-06-14,203917
84,ARA,1,2021-06-21,107975
84,ARA,2,2021-06-21,289480
84,ARA,1,2021-06-28,106260
84,ARA,2,2021-06-28,300571
84,ARA,1,2021-07-05,120404
84,ARA,2,2021-07-05,275327
84,ARA,1,2021-07-12,158630
84,ARA,2,2021-07-12,262233
84,ARA,1,2021-07-19,166948
84,ARA,2,2021-07-19,223213
84,ARA,1,2021-07-26,127088
84,ARA,2,2021-07-26,150895
84,ARA,1,2021-08-02,56786
84,ARA,2,2021-08-02,127836
84,ARA,1,2021-08-09,20075
84,ARA,2,2021-08-09,123512
27,BFC,1,2021-01-18,570
27,BFC,1,2021-01-25,510
27,BFC,2,2021-01-25,38
27,BFC,1,2021-02-01,334
27,BFC,2,2021-02-01,184
27,BFC,1,2021-02-08,463
27,BFC,2,2021-02-08,84
27,BFC,1,2021-02-15,184
27,BFC,2,2021-02-15,220
27,BFC,1,2021-02-22,23
27,BFC,2,2021-02-22,21
27,BFC,2,2021-03-01,12
27,BFC,1,2021-03-08,1
27,BFC,2,2021-03-08,352
27,BFC,1,2021-03-15,21446
27,BFC,2,2021-03-15,2299
27,BFC,1,2021-03-22,48887
27,BFC,2,2021-03-22,3410
27,BFC,1,2021-03-29,40241
27,BFC,2,2021-03-29,17434
27,BFC,1,2021-04-05,33089
27,BFC,2,2021-04-05,21633
27,BFC,1,2021-04-12,36633
27,BFC,2,2021-04-12,33894
27,BFC,1,2021-04-19,33413
27,BFC,2,2021-04-19,48103
27,BFC,1,2021-04-26,60243
27,BFC,2,2021-04-26,37667
27,BFC,1,2021-05-03,69037
27,BFC,2,2021-05-03,35504
27,BFC,1,2021-05-10,92158
27,BFC,2,2021-05-10,31730
27,BFC,1,2021-05-17,98320
27,BFC,2,2021-05-17,21914
27,BFC,1,2021-05-24,61826
27,BFC,2,2021-05-24,28116
27,BFC,1,2021-05-31,68821
27,BFC,2,2021-05-31,36508
27,BFC,1,2021-06-07,84421
27,BFC,2,2021-06-07,48856
27,BFC,1,2021-06-14,62226
27,BFC,2,2021-06-14,60301
27,BFC,1,2021-06-21,42616
27,BFC,2,2021-06-21,91248
27,BFC,1,2021-06-28,37510
27,BFC,2,2021-06-28,87977
27,BFC,1,2021-07-05,40445
27,BFC,2,2021-07-05,71047
27,BFC,1,2021-07-12,44219
27,BFC,2,2021-07-12,79528
27,BFC,1,2021-07-19,40988
27,BFC,2,2021-07-19,94964
27,BFC,1,2021-07-26,35547
27,BFC,2,2021-07-26,63903
27,BFC,1,2021-08-02,17269
27,BFC,2,2021-08-02,46924
27,BFC,1,2021-08-09,5977
27,BFC,2,2021-08-09,36747
53,BRE,1,2021-01-18,78
53,BRE,1,2021-01-25,400
53,BRE,1,2021-02-01,360
53,BRE,1,2021-02-08,432
53,BRE,1,2021-02-15,236
53,BRE,2,2021-02-15,102
53,BRE,1,2021-02-22,508
53,BRE,2,2021-02-22,377
53,BRE,1,2021-03-01,361
53,BRE,2,2021-03-01,354
53,BRE,1,2021-03-08,347
53,BRE,2,2021-03-08,439
53,BRE,1,2021-03-15,22225
53,BRE,2,2021-03-15,6273
53,BRE,1,2021-03-22,39891
53,BRE,2,2021-03-22,11910
53,BRE,1,2021-03-29,46535
53,BRE,2,2021-03-29,18762
53,BRE,1,2021-04-05,52687
53,BRE,2,2021-04-05,21670
53,BRE,1,2021-04-12,66445
53,BRE,2,2021-04-12,33608
53,BRE,1,2021-04-19,69344
53,BRE,2,2021-04-19,40644
53,BRE,1,2021-04-26,84449
53,BRE,2,2021-04-26,45593
53,BRE,1,2021-05-03,70222
53,BRE,2,2021-05-03,54669
53,BRE,1,2021-05-10,87412
53,BRE,2,2021-05-10,54154
53,BRE,1,2021-05-17,106464
53,BRE,2,2021-05-17,40772
53,BRE,1,2021-05-24,96373
53,BRE,2,2021-05-24,40415
53,BRE,1,2021-05-31,110888
53,BRE,2,2021-05-31,50165
53,BRE,1,2021-06-07,121999
53,BRE,2,2021-06-07,63882
53,BRE,1,2021-06-14,98889
53,BRE,2,2021-06-14,71888
53,BRE,1,2021-06-21,78195
53,BRE,2,2021-06-21,95609
53,BRE,1,2021-06-28,59802
53,BRE,2,2021-06-28,112135
53,BRE,1,2021-07-05,53708
53,BRE,2,2021-07-05,112933
53,BRE,1,2021-07-12,55561
53,BRE,2,2021-07-12,116933
53,BRE,1,2021-07-19,49722
53,BRE,2,2021-07-19,130476
53,BRE,1,2021-07-26,48585
53,BRE,2,2021-07-26,104859
53,BRE,1,2021-08-02,21641
53,BRE,2,2021-08-02,72733
53,BRE,1,2021-08-09,7326
53,BRE,2,2021-08-09,50563
94,COR,1,2021-01-18,1823
94,COR,2,2021-01-18,5
94,COR,1,2021-01-25,1384
94,COR,2,2021-01-25,350
94,COR,1,2021-02-01,1105
94,COR,2,2021-02-01,674
94,COR,1,2021-02-08,800
94,COR,2,2021-02-08,1359
94,COR,1,2021-02-15,245
94,COR,2,2021-02-15,1151
94,COR,1,2021-02-22,1517
94,COR,2,2021-02-22,461
94,COR,1,2021-03-01,971
94,COR,2,2021-03-01,933
94,COR,1,2021-03-08,1162
94,COR,2,2021-03-08,818
94,COR,1,2021-03-15,4337
94,COR,2,2021-03-15,2477
94,COR,1,2021-03-22,6906
94,COR,2,2021-03-22,2021
94,COR,1,2021-03-29,6596
94,COR,2,2021-03-29,4430
94,COR,1,2021-04-05,7632
94,COR,2,2021-04-05,4606
94,COR,1,2021-04-12,7202
94,COR,2,2021-04-12,5796
94,COR,1,2021-04-19,6922
94,COR,2,2021-04-19,6560
94,COR,1,2021-04-26,7496
94,COR,2,2021-04-26,6971
94,COR,1,2021-05-03,7992
94,COR,2,2021-05-03,8228
94,COR,1,2021-05-10,7321
94,COR,2,2021-05-10,5576
94,COR,1,2021-05-17,6826
94,COR,2,2021-05-17,3406
94,COR,1,2021-05-24,3087
94,COR,2,2021-05-24,4957
94,COR,1,2021-05-31,2481
94,COR,2,2021-05-31,7088
94,COR,1,2021-06-07,2263
94,COR,2,2021-06-07,7483
94,COR,1,2021-06-14,2026
94,COR,2,2021-06-14,7134
94,COR,1,2021-06-21,1544
94,COR,2,2021-06-21,7022
94,COR,1,2021-06-28,1698
94,COR,2,2021-06-28,5653
94,COR,1,2021-07-05,2370
94,COR,2,2021-07-05,3418
94,COR,1,2021-07-12,5502
94,COR,2,2021-07-12,3356
94,COR,1,2021-07-19,3588
94,COR,2,2021-07-19,3329
94,COR,1,2021-07-26,2309
94,COR,2,2021-07-26,2943
94,COR,1,2021-08-02,1627
94,COR,2,2021-08-02,3877
94,COR,1,2021-08-09,938
94,COR,2,2021-08-09,3403
24,CVL,1,2021-03-01,1
24,CVL,1,2021-03-08,70
24,CVL,1,2021-03-15,13596
24,CVL,2,2021-03-15,5652
24,CVL,1,2021-03-22,27944
24,CVL,2,2021-03-22,8486
24,CVL,1,2021-03-29,30572
24,CVL,2,2021-03-29,11612
24,CVL,1,2021-04-05,38969
24,CVL,2,2021-04-05,15587
24,CVL,1,2021-04-12,51007
24,CVL,2,2021-04-12,20076
24,CVL,1,2021-04-19,54223
24,CVL,2,2021-04-19,26640
24,CVL,1,2021-04-26,56730
24,CVL,2,2021-04-26,28191
24,CVL,1,2021-05-03,56663
24,CVL,2,2021-05-03,41756
24,CVL,1,2021-05-10,65470
24,CVL,2,2021-05-10,43408
24,CVL,1,2021-05-17,86392
24,CVL,2,2021-05-17,26920
24,CVL,1,2021-05-24,86758
24,CVL,2,2021-05-24,25092
24,CVL,1,2021-05-31,81950
24,CVL,2,2021-05-31,38934
24,CVL,1,2021-06-07,75041
24,CVL,2,2021-06-07,47972
24,CVL,1,2021-06-14,57064
24,CVL,2,2021-06-14,61301
24,CVL,1,2021-06-21,42541
24,CVL,2,2021-06-21,70354
24,CVL,1,2021-06-28,33863
24,CVL,2,2021-06-28,89743
24,CVL,1,2021-07-05,34822
24,CVL,2,2021-07-05,93940
24,CVL,1,2021-07-12,29462
24,CVL,2,2021-07-12,93208
24,CVL,1,2021-07-19,37198
24,CVL,2,2021-07-19,87796
24,CVL,1,2021-07-26,38080
24,CVL,2,2021-07-26,58953
24,CVL,1,2021-08-02,14720
24,CVL,2,2021-08-02,34482
24,CVL,1,2021-08-09,3741
24,CVL,2,2021-08-09,28918
01,GDP,1,2021-01-18,144
01,GDP,1,2021-01-25,107
01,GDP,1,2021-02-01,43
01,GDP,2,2021-02-01,79
01,GDP,1,2021-02-08,51
01,GDP,2,2021-02-08,142
01,GDP,1,2021-02-15,43
01,GDP,2,2021-02-15,13
01,GDP,1,2021-02-22,67
01,GDP,2,2021-02-22,59
01,GDP,1,2021-03-01,101
01,GDP,2,2021-03-01,98
01,GDP,1,2021-03-08,130
01,GDP,2,2021-03-08,106
01,GDP,1,2021-03-15,1197
01,GDP,2,2021-03-15,526
01,GDP,1,2021-03-22,1282
01,GDP,2,2021-03-22,1189
01,GDP,1,2021-03-29,1165
01,GDP,2,2021-03-29,1113
01,GDP,1,2021-04-05,1223
01,GDP,2,2021-04-05,1319
01,GDP,1,2021-04-12,1370
01,GDP,2,2021-04-12,2151
01,GDP,1,2021-04-19,1703
01,GDP,2,2021-04-19,1975
01,GDP,1,2021-04-26,2021
01,GDP,2,2021-04-26,1475
01,GDP,1,2021-05-03,1940
01,GDP,2,2021-05-03,1591
01,GDP,1,2021-05-10,1525
01,GDP,2,2021-05-10,1512
01,GDP,1,2021-05-17,1422
01,GDP,2,2021-05-17,1299
01,GDP,1,2021-05-24,615
01,GDP,2,2021-05-24,935
01,GDP,1,2021-05-31,958
01,GDP,2,2021-05-31,1490
01,GDP,1,2021-06-07,793
01,GDP,2,2021-06-07,1724
01,GDP,1,2021-06-14,680
01,GDP,2,2021-06-14,1660
01,GDP,1,2021-06-21,679
01,GDP,2,2021-06-21,1243
01,GDP,1,2021-06-28,705
01,GDP,2,2021-06-28,1129
01,GDP,1,2021-07-05,748
01,GDP,2,2021-07-05,1137
01,GDP,1,2021-07-12,878
01,GDP,2,2021-07-12,1280
01,GDP,1,2021-07-19,479
01,GDP,2,2021-07-19,1062
01,GDP,1,2021-07-26,242
01,GDP,2,2021-07-26,798
01,GDP,1,2021-08-02,131
01,GDP,2,2021-08-02,624
01,GDP,1,2021-08-09,80
01,GDP,2,2021-08-09,400
44,GES,1,2021-01-18,284
44,GES,1,2021-01-25,439
44,GES,2,2021-01-25,352
44,GES,1,2021-02-01,95
44,GES,2,2021-02-01,239
44,GES,1,2021-02-08,65
44,GES,2,2021-02-08,564
44,GES,1,2021-02-15,114
44,GES,2,2021-02-15,227
44,GES,1,2021-02-22,121
44,GES,2,2021-02-22,223
44,GES,1,2021-03-01,33
44,GES,2,2021-03-01,92
44,GES,1,2021-03-08,306
44,GES,2,2021-03-08,87
44,GES,1,2021-03-15,47798
44,GES,2,2021-03-15,9044
44,GES,1,2021-03-22,67426
44,GES,2,2021-03-22,21231
44,GES,1,2021-03-29,60419
44,GES,2,2021-03-29,39018
44,GES,1,2021-04-05,64257
44,GES,2,2021-04-05,48703
44,GES,1,2021-04-12,84133
44,GES,2,2021-04-12,64414
44,GES,1,2021-04-19,93368
44,GES,2,2021-04-19,67775
44,GES,1,2021-04-26,110092
44,GES,2,2021-04-26,58402
44,GES,1,2021-05-03,153589
44,GES,2,2021-05-03,67884
44,GES,1,2021-05-10,185064
44,GES,2,2021-05-10,69947
44,GES,1,2021-05-17,188321
44,GES,2,2021-05-17,47047
44,GES,1,2021-05-24,156835
44,GES,2,2021-05-24,57854
44,GES,1,2021-05-31,152361
44,GES,2,2021-05-31,74652
44,GES,1,2021-06-07,155981
44,GES,2,2021-06-07,99763
44,GES,1,2021-06-14,107660
44,GES,2,2021-06-14,148656
44,GES,1,2021-06-21,78220
44,GES,2,2021-06-21,185908
44,GES,1,2021-06-28,67123
44,GES,2,2021-06-28,189249
44,GES,1,2021-07-05,70229
44,GES,2,2021-07-05,170454
44,GES,1,2021-07-12,80452
44,GES,2,2021-07-12,173587
44,GES,1,2021-07-19,86079
44,GES,2,2021-07-19,165026
44,GES,1,2021-07-26,78739
44,GES,2,2021-07-26,103941
44,GES,1,2021-08-02,39316
44,GES,2,2021-08-02,77972
44,GES,1,2021-08-09,8963
44,GES,2,2021-08-09,71028
03,GUY,1,2021-01-18,403
03,GUY,2,2021-01-18,17
03,GUY,1,2021-01-25,387
03,GUY,2,2021-01-25,8
03,GUY,1,2021-02-01,399
03,GUY,2,2021-02-01,42
03,GUY,1,2021-02-08,382
03,GUY,2,2021-02-08,245
03,GUY,1,2021-02-15,420
03,GUY,2,2021-02-15,441
03,GUY,1,2021-02-22,998
03,GUY,2,2021-02-22,434
03,GUY,1,2021-03-01,1317
03,GUY,2,2021-03-01,401
03,GUY,1,2021-03-08,1298
03,GUY,2,2021-03-08,463
03,GUY,1,2021-03-15,1200
03,GUY,2,2021-03-15,641
03,GUY,1,2021-03-22,812
03,GUY,2,2021-03-22,1200
03,GUY,1,2021-03-29,1125
03,GUY,2,2021-03-29,1482
03,GUY,1,2021-04-05,1905
03,GUY,2,2021-04-05,1325
03,GUY,1,2021-04-12,3410
03,GUY,2,2021-04-12,1547
03,GUY,1,2021-04-19,4144
03,GUY,2,2021-04-19,1280
03,GUY,1,2021-04-26,3597
03,GUY,2,2021-04-26,1745
03,GUY,1,2021-05-03,2539
03,GUY,2,2021-05-03,2262
03,GUY,1,2021-05-10,2006
03,GUY,2,2021-05-10,2646
03,GUY,1,2021-05-17,2249
03,GUY,2,2021-05-17,3043
03,GUY,1,2021-05-24,2642
03,GUY,2,2021-05-24,2775
03,GUY,1,2021-05-31,2346
03,GUY,2,2021-05-31,2141
03,GUY,1,2021-06-07,2010
03,GUY,2,2021-06-07,1978
03,GUY,1,2021-06-14,1826
03,GUY,2,2021-06-14,1966
03,GUY,1,2021-06-21,1614
03,GUY,2,2021-06-21,2070
03,GUY,1,2021-06-28,1548
03,GUY,2,2021-06-28,2041
03,GUY,1,2021-07-05,1496
03,GUY,2,2021-07-05,1825
03,GUY,1,2021-07-12,1899
03,GUY,2,2021-07-12,1743
03,GUY,1,2021-07-19,545
03,GUY,2,2021-07-19,1280
03,GUY,1,2021-07-26,112
03,GUY,2,2021-07-26,1147
03,GUY,1,2021-08-02,69
03,GUY,2,2021-08-02,1049
03,GUY,1,2021-08-09,35
03,GUY,2,2021-08-09,393
32,HDF,1,2021-01-18,1024
32,HDF,1,2021-01-25,517
32,HDF,2,2021-01-25,5
32,HDF,1,2021-02-01,269
32,HDF,2,2021-02-01,157
32,HDF,1,2021-02-08,672
32,HDF,2,2021-02-08,210
32,HDF,1,2021-02-15,904
32,HDF,2,2021-02-15,982
32,HDF,1,2021-02-22,803
32,HDF,2,2021-02-22,466
32,HDF,1,2021-03-01,3158
32,HDF,2,2021-03-01,179
32,HDF,1,2021-03-08,3218
32,HDF,2,2021-03-08,532
32,HDF,1,2021-03-15,70957
32,HDF,2,2021-03-15,9523
32,HDF,1,2021-03-22,90560
32,HDF,2,2021-03-22,23259
32,HDF,1,2021-03-29,84291
32,HDF,2,2021-03-29,56309
32,HDF,1,2021-04-05,74247
32,HDF,2,2021-04-05,72720
32,HDF,1,2021-04-12,77135
32,HDF,2,2021-04-12,84467
32,HDF,1,2021-04-19,69239
32,HDF,2,2021-04-19,88538
32,HDF,1,2021-04-26,108776
32,HDF,2,2021-04-26,77783
32,HDF,1,2021-05-03,158157
32,HDF,2,2021-05-03,68896
32,HDF,1,2021-05-10,253431
32,HDF,2,2021-05-10,52289
32,HDF,1,2021-05-17,257900
32,HDF,2,2021-05-17,30436
32,HDF,1,2021-05-24,189859
32,HDF,2,2021-05-24,43583
32,HDF,1,2021-05-31,169586
32,HDF,2,2021-05-31,66486
32,HDF,1,2021-06-07,124064
32,HDF,2,2021-06-07,109763
32,HDF,1,2021-06-14,97961
32,HDF,2,2021-06-14,161411
32,HDF,1,2021-06-21,68520
32,HDF,2,2021-06-21,246484
32,HDF,1,2021-06-28,70754
32,HDF,2,2021-06-28,245065
32,HDF,1,2021-07-05,85001
32,HDF,2,2021-07-05,191912
32,HDF,1,2021-07-12,99658
32,HDF,2,2021-07-12,177222
32,HDF,1,2021-07-19,103506
32,HDF,2,2021-07-19,146675
32,HDF,1,2021-07-26,79439
32,HDF,2,2021-07-26,98006
32,HDF,1,2021-08-02,47619
32,HDF,2,2021-08-02,80732
32,HDF,1,2021-08-09,15665
32,HDF,2,2021-08-09,70444
11,IDF,1,2021-01-18,2311
11,IDF,2,2021-01-18,5
11,IDF,1,2021-01-25,2146
11,IDF,2,2021-01-25,11
11,IDF,1,2021-02-01,2020
11,IDF,2,2021-02-01,480
11,IDF,1,2021-02-08,918
11,IDF,2,2021-02-08,502
11,IDF,1,2021-02-15,917
11,IDF,2,2021-02-15,1953
11,IDF,1,2021-02-22,904
11,IDF,2,2021-02-22,2097
11,IDF,1,2021-03-01,6678
11,IDF,2,2021-03-01,2374
11,IDF,1,2021-03-08,7079
11,IDF,2,2021-03-08,1460
11,IDF,1,2021-03-15,88620
11,IDF,2,2021-03-15,8084
11,IDF,1,2021-03-22,157459
11,IDF,2,2021-03-22,16215
11,IDF,1,2021-03-29,128087
11,IDF,2,2021-03-29,87461
11,IDF,1,2021-04-05,124031
11,IDF,2,2021-04-05,86612
11,IDF,1,2021-04-12,122163
11,IDF,2,2021-04-12,120743
11,IDF,1,2021-04-19,157663
11,IDF,2,2021-04-19,148974
11,IDF,1,2021-04-26,224749
11,IDF,2,2021-04-26,117252
11,IDF,1,2021-05-03,334027
11,IDF,2,2021-05-03,129276
11,IDF,1,2021-05-10,436884
11,IDF,2,2021-05-10,86981
11,IDF,1,2021-05-17,544390
11,IDF,2,2021-05-17,32777
11,IDF,1,2021-05-24,455189
11,IDF,2,2021-05-24,76681
11,IDF,1,2021-05-31,435002
11,IDF,2,2021-05-31,174690
11,IDF,1,2021-06-07,365335
11,IDF,2,2021-06-07,248046
11,IDF,1,2021-06-14,253411
11,IDF,2,2021-06-14,368089
11,IDF,1,2021-06-21,198306
11,IDF,2,2021-06-21,483508
11,IDF,1,2021-06-28,187200
11,IDF,2,2021-06-28,532369
11,IDF,1,2021-07-05,202743
11,IDF,2,2021-07-05,466452
11,IDF,1,2021-07-12,236513
11,IDF,2,2021-07-12,441360
11,IDF,1,2021-07-19,221834
11,IDF,2,2021-07-19,366817
11,IDF,1,2021-07-26,131168
11,IDF,2,2021-07-26,231753
11,IDF,1,2021-08-02,48924
11,IDF,2,2021-08-02,167703
11,IDF,1,2021-08-09,18603
11,IDF,2,2021-08-09,137532
02,MAR,1,2021-03-15,180
02,MAR,2,2021-03-15,40
02,MAR,1,2021-03-22,334
02,MAR,2,2021-03-22,83
02,MAR,1,2021-03-29,449
02,MAR,2,2021-03-29,128
02,MAR,1,2021-04-05,247
02,MAR,2,2021-04-05,300
02,MAR,1,2021-04-12,1157
02,MAR,2,2021-04-12,360
02,MAR,1,2021-04-19,1525
02,MAR,2,2021-04-19,345
02,MAR,1,2021-04-26,1137
02,MAR,2,2021-04-26,457
02,MAR,1,2021-05-03,1124
02,MAR,2,2021-05-03,729
02,MAR,1,2021-05-10,941
02,MAR,2,2021-05-10,1532
02,MAR,1,2021-05-17,1510
02,MAR,2,2021-05-17,2442
02,MAR,1,2021-05-24,833
02,MAR,2,2021-05-24,2407
02,MAR,1,2021-05-31,847
02,MAR,2,2021-05-31,1777
02,MAR,1,2021-06-07,880
02,MAR,2,2021-06-07,2320
02,MAR,1,2021-06-14,1205
02,MAR,2,2021-06-14,2025
02,MAR,1,2021-06-21,943
02,MAR,2,2021-06-21,2004
02,MAR,1,2021-06-28,831
02,MAR,2,2021-06-28,1578
02,MAR,1,2021-07-05,1378
02,MAR,2,2021-07-05,1576
02,MAR,1,2021-07-12,3163
02,MAR,2,2021-07-12,1961
02,MAR,1,2021-07-19,1135
02,MAR,2,2021-07-19,1892
02,MAR,1,2021-07-26,234
02,MAR,2,2021-07-26,2019
02,MAR,1,2021-08-02,158
02,MAR,2,2021-08-02,2072
02,MAR,1,2021-08-09,63
02,MAR,2,2021-08-09,624
75,NAQ,1,2021-01-18,1804
75,NAQ,2,2021-01-18,4
75,NAQ,1,2021-01-25,1490
75,NAQ,2,2021-01-25,12
75,NAQ,1,2021-02-01,1404
75,NAQ,2,2021-02-01,24
75,NAQ,1,2021-02-08,1312
75,NAQ,2,2021-02-08,89
75,NAQ,1,2021-02-15,139
75,NAQ,2,2021-02-15,927
75,NAQ,1,2021-02-22,659
75,NAQ,2,2021-02-22,1062
75,NAQ,1,2021-03-01,794
75,NAQ,2,2021-03-01,799
75,NAQ,1,2021-03-08,1210
75,NAQ,2,2021-03-08,736
75,NAQ,1,2021-03-15,45345
75,NAQ,2,2021-03-15,7951
75,NAQ,1,2021-03-22,87091
75,NAQ,2,2021-03-22,15697
75,NAQ,1,2021-03-29,99771
75,NAQ,2,2021-03-29,26136
75,NAQ,1,2021-04-05,110155
75,NAQ,2,2021-04-05,41106
75,NAQ,1,2021-04-12,119034
75,NAQ,2,2021-04-12,65427
75,NAQ,1,2021-04-19,112106
75,NAQ,2,2021-04-19,81976
75,NAQ,1,2021-04-26,128525
75,NAQ,2,2021-04-26,95135
75,NAQ,1,2021-05-03,139307
75,NAQ,2,2021-05-03,115831
75,NAQ,1,2021-05-10,147339
75,NAQ,2,2021-05-10,97274
75,NAQ,1,2021-05-17,199343
75,NAQ,2,2021-05-17,61145
75,NAQ,1,2021-05-24,168945
75,NAQ,2,2021-05-24,60142
75,NAQ,1,2021-05-31,184526
75,NAQ,2,2021-05-31,89756
75,NAQ,1,2021-06-07,170829
75,NAQ,2,2021-06-07,123707
75,NAQ,1,2021-06-14,146148
75,NAQ,2,2021-06-14,142114
75,NAQ,1,2021-06-21,112448
75,NAQ,2,2021-06-21,164325
75,NAQ,1,2021-06-28,85292
75,NAQ,2,2021-06-28,198419
75,NAQ,1,2021-07-05,86143
75,NAQ,2,2021-07-05,195632
75,NAQ,1,2021-07-12,73833
75,NAQ,2,2021-07-12,207301
75,NAQ,1,2021-07-19,77715
75,NAQ,2,2021-07-19,208082
75,NAQ,1,2021-07-26,80775
75,NAQ,2,2021-07-26,158852
75,NAQ,1,2021-08-02,54008
75,NAQ,2,2021-08-02,100313
75,NAQ,1,2021-08-09,32560
75,NAQ,2,2021-08-09,73502
28,NOR,1,2021-02-22,1
28,NOR,1,2021-03-01,1
28,NOR,1,2021-03-15,25096
28,NOR,2,2021-03-15,2916
28,NOR,1,2021-03-22,49173
28,NOR,2,2021-03-22,6720
28,NOR,1,2021-03-29,46654
28,NOR,2,2021-03-29,20103
28,NOR,1,2021-04-05,53797
28,NOR,2,2021-04-05,32047
28,NOR,1,2021-04-12,60480
28,NOR,2,2021-04-12,38030
28,NOR,1,2021-04-19,60886
28,NOR,2,2021-04-19,48138
28,NOR,1,2021-04-26,74474
28,NOR,2,2021-04-26,45976
28,NOR,1,2021-05-03,77755
28,NOR,2,2021-05-03,57303
28,NOR,1,2021-05-10,118277
28,NOR,2,2021-05-10,51582
28,NOR,1,2021-05-17,113237
28,NOR,2,2021-05-17,30148
28,NOR,1,2021-05-24,104519
28,NOR,2,2021-05-24,33812
28,NOR,1,2021-05-31,114395
28,NOR,2,2021-05-31,46168
28,NOR,1,2021-06-07,106570
28,NOR,2,2021-06-07,64642
28,NOR,1,2021-06-14,81222
28,NOR,2,2021-06-14,79163
28,NOR,1,2021-06-21,58419
28,NOR,2,2021-06-21,114417
28,NOR,1,2021-06-28,51855
28,NOR,2,2021-06-28,113883
28,NOR,1,2021-07-05,51816
28,NOR,2,2021-07-05,112477
28,NOR,1,2021-07-12,50752
28,NOR,2,2021-07-12,127951
28,NOR,1,2021-07-19,53032
28,NOR,2,2021-07-19,121576
28,NOR,1,2021-07-26,50948
28,NOR,2,2021-07-26,82399
28,NOR,1,2021-08-02,27335
28,NOR,2,2021-08-02,61848
28,NOR,1,2021-08-09,12164
28,NOR,2,2021-08-09,50576
76,OCC,1,2021-01-18,200
76,OCC,1,2021-01-25,197
76,OCC,1,2021-02-01,262
76,OCC,1,2021-02-08,63
76,OCC,2,2021-02-08,221
76,OCC,1,2021-02-15,186
76,OCC,2,2021-02-15,133
76,OCC,1,2021-02-22,118
76,OCC,2,2021-02-22,242
76,OCC,1,2021-03-01,218
76,OCC,2,2021-03-01,136
76,OCC,1,2021-03-08,355
76,OCC,2,2021-03-08,110
76,OCC,1,2021-03-15,40203
76,OCC,2,2021-03-15,8918
76,OCC,1,2021-03-22,73760
76,OCC,2,2021-03-22,16842
76,OCC,1,2021-03-29,93096
76,OCC,2,2021-03-29,24257
76,OCC,1,2021-04-05,102394
76,OCC,2,2021-04-05,38427
76,OCC,1,2021-04-12,124724
76,OCC,2,2021-04-12,59888
76,OCC,1,2021-04-19,123364
76,OCC,2,2021-04-19,76601
76,OCC,1,2021-04-26,125322
76,OCC,2,2021-04-26,88034
76,OCC,1,2021-05-03,139979
76,OCC,2,2021-05-03,107892
76,OCC,1,2021-05-10,162304
76,OCC,2,2021-05-10,104023
76,OCC,1,2021-05-17,187279
76,OCC,2,2021-05-17,57508
76,OCC,1,2021-05-24,150629
76,OCC,2,2021-05-24,59426
76,OCC,1,2021-05-31,152702
76,OCC,2,2021-05-31,96311
76,OCC,1,2021-06-07,151631
76,OCC,2,2021-06-07,118846
76,OCC,1,2021-06-14,129888
76,OCC,2,2021-06-14,139074
76,OCC,1,2021-06-21,85597
76,OCC,2,2021-06-21,168653
76,OCC,1,2021-06-28,82214
76,OCC,2,2021-06-28,182549
76,OCC,1,2021-07-05,85251
76,OCC,2,2021-07-05,166062
76,OCC,1,2021-07-12,97323
76,OCC,2,2021-07-12,170042
76,OCC,1,2021-07-19,102473
76,OCC,2,2021-07-19,181881
76,OCC,1,2021-07-26,71942
76,OCC,2,2021-07-26,131569
76,OCC,1,2021-08-02,40873
76,OCC,2,2021-08-02,93219
76,OCC,1,2021-08-09,12133
76,OCC,2,2021-08-09,89076
93,PAC,1,2021-01-18,2065
93,PAC,2,2021-01-18,70
93,PAC,1,2021-01-25,3182
93,PAC,2,2021-01-25,120
93,PAC,1,2021-02-01,3019
93,PAC,2,2021-02-01,107
93,PAC,1,2021-02-08,2458
93,PAC,2,2021-02-08,744
93,PAC,1,2021-02-15,997
93,PAC,2,2021-02-15,2412
93,PAC,1,2021-02-22,1612
93,PAC,2,2021-02-22,3048
93,PAC,1,2021-03-01,5426
93,PAC,2,2021-03-01,2943
93,PAC,1,2021-03-08,7056
93,PAC,2,2021-03-08,2525
93,PAC,1,2021-03-15,48400
93,PAC,2,2021-03-15,8429
93,PAC,1,2021-03-22,76152
93,PAC,2,2021-03-22,17648
93,PAC,1,2021-03-29,86918
93,PAC,2,2021-03-29,36178
93,PAC,1,2021-04-05,95810
93,PAC,2,2021-04-05,52952
93,PAC,1,2021-04-12,103217
93,PAC,2,2021-04-12,62093
93,PAC,1,2021-04-19,101474
93,PAC,2,2021-04-19,75944
93,PAC,1,2021-04-26,101340
93,PAC,2,2021-04-26,82292
93,PAC,1,2021-05-03,102505
93,PAC,2,2021-05-03,99016
93,PAC,1,2021-05-10,164540
93,PAC,2,2021-05-10,76119
93,PAC,1,2021-05-17,155751
93,PAC,2,2021-05-17,50021
93,PAC,1,2021-05-24,114274
93,PAC,2,2021-05-24,66123
93,PAC,1,2021-05-31,114251
93,PAC,2,2021-05-31,89709
93,PAC,1,2021-06-07,88857
93,PAC,2,2021-06-07,95025
93,PAC,1,2021-06-14,70725
93,PAC,2,2021-06-14,105164
93,PAC,1,2021-06-21,47121
93,PAC,2,2021-06-21,141246
93,PAC,1,2021-06-28,46804
93,PAC,2,2021-06-28,141003
93,PAC,1,2021-07-05,54387
93,PAC,2,2021-07-05,110906
93,PAC,1,2021-07-12,65327
93,PAC,2,2021-07-12,108935
93,PAC,1,2021-07-19,71853
93,PAC,2,2021-07-19,93841
93,PAC,1,2021-07-26,58464
93,PAC,2,2021-07-26,71828
93,PAC,1,2021-08-02,40792
93,PAC,2,2021-08-02,57121
93,PAC,1,2021-08-09,23149
93,PAC,2,2021-08-09,51553
52,PDL,1,2021-02-15,27
52,PDL,1,2021-02-22,80
52,PDL,2,2021-02-22,1
52,PDL,1,2021-03-01,71
52,PDL,1,2021-03-08,57
52,PDL,2,2021-03-08,1
52,PDL,1,2021-03-15,20929
52,PDL,2,2021-03-15,4730
52,PDL,1,2021-03-22,37973
52,PDL,2,2021-03-22,8122
52,PDL,1,2021-03-29,43831
52,PDL,2,2021-03-29,13698
52,PDL,1,2021-04-05,50196
52,PDL,2,2021-04-05,19029
52,PDL,1,2021-04-12,66024
52,PDL,2,2021-04-12,32547
52,PDL,1,2021-04-19,72906
52,PDL,2,2021-04-19,38187
52,PDL,1,2021-04-26,95771
52,PDL,2,2021-04-26,42120
52,PDL,1,2021-05-03,94893
52,PDL,2,2021-05-03,57040
52,PDL,1,2021-05-10,116330
52,PDL,2,2021-05-10,56080
52,PDL,1,2021-05-17,127265
52,PDL,2,2021-05-17,45058
52,PDL,1,2021-05-24,124920
52,PDL,2,2021-05-24,39838
52,PDL,1,2021-05-31,129892
52,PDL,2,2021-05-31,58219
52,PDL,1,2021-06-07,120473
52,PDL,2,2021-06-07,80477
52,PDL,1,2021-06-14,105772
52,PDL,2,2021-06-14,95022
52,PDL,1,2021-06-21,81948
52,PDL,2,2021-06-21,122205
52,PDL,1,2021-06-28,64606
52,PDL,2,2021-06-28,134353
52,PDL,1,2021-07-05,58609
52,PDL,2,2021-07-05,139936
52,PDL,1,2021-07-12,63105
52,PDL,2,2021-07-12,143011
52,PDL,1,2021-07-19,55634
52,PDL,2,2021-07-19,148744
52,PDL,1,2021-07-26,72201
52,PDL,2,2021-07-26,108563
52,PDL,1,2021-08-02,27360
52,PDL,2,2021-08-02,76703
52,PDL,1,2021-08-09,11690
52,PDL,2,2021-08-09,53678
04,REU,2,2021-04-05,1
04,REU,1,2021-04-19,10
04,REU,2,2021-04-19,1
04,REU,1,2021-04-26,134
04,REU,2,2021-04-26,3
04,REU,1,2021-05-03,602
04,REU,2,2021-05-03,15
04,REU,1,2021-05-10,5164
04,REU,2,2021-05-10,108
04,REU,1,2021-05-17,8975
04,REU,2,2021-05-17,156
04,REU,1,2021-05-24,10465
04,REU,2,2021-05-24,218
04,REU,1,2021-05-31,9027
04,REU,2,2021-05-31,566
04,REU,1,2021-06-07,7878
04,REU,2,2021-06-07,4403
04,REU,1,2021-06-14,5881
04,REU,2,2021-06-14,7641
04,REU,1,2021-06-21,4993
04,REU,2,2021-06-21,8927
04,REU,1,2021-06-28,6769
04,REU,2,2021-06-28,7915
04,REU,1,2021-07-05,7465
04,REU,2,2021-07-05,7042
04,REU,1,2021-07-12,12764
04,REU,2,2021-07-12,6621
04,REU,1,2021-07-19,3982
04,REU,2,2021-07-19,6090
04,REU,1,2021-07-26,489
04,REU,2,2021-07-26,6568
04,REU,1,2021-08-02,196
04,REU,2,2021-08-02,7095
04,REU,1,2021-08-09,51
04,REU,2,2021-08-09,208
